{"cameraMode":{"drawMode":0,"name":"Shaded","section":"Shading Mode"},"sceneLighting":false,"audioPlay":false,"sceneViewState":{"m_AlwaysRefresh":false,"showFog":false,"showSkybox":false,"showFlares":false,"showImageEffects":false,"showParticleSystems":false,"showVisualEffectGraphs":true,"m_FxEnabled":true},"in2DMode":false,"pivot":{"x":0.0002301931381225586,"y":0.8206397294998169,"z":0.059203267097473147},"rotation":{"x":-0.12214164435863495,"y":-0.31796276569366457,"z":0.041346266865730289,"w":-0.939297616481781},"size":1.4414557218551636,"orthographic":false}