{"cameraMode":{"drawMode":0,"name":"Shaded","section":"Shading Mode"},"sceneLighting":false,"audioPlay":false,"sceneViewState":{"m_AlwaysRefresh":false,"showFog":false,"showSkybox":false,"showFlares":false,"showImageEffects":false,"showParticleSystems":false,"showVisualEffectGraphs":true,"m_FxEnabled":true},"in2DMode":false,"pivot":{"x":-0.4133502244949341,"y":0.6260279417037964,"z":1.9659188985824586},"rotation":{"x":-0.037956759333610538,"y":-0.9612643122673035,"z":0.17225006222724915,"w":-0.21182334423065186},"size":0.3729129135608673,"orthographic":false}