{"cameraMode":{"drawMode":0,"name":"Shaded","section":"Shading Mode"},"sceneLighting":false,"audioPlay":false,"sceneViewState":{"m_AlwaysRefresh":false,"showFog":false,"showSkybox":false,"showFlares":false,"showImageEffects":false,"showParticleSystems":false,"showVisualEffectGraphs":true,"m_FxEnabled":true},"in2DMode":false,"pivot":{"x":-0.0000012516975402832032,"y":0.8362876176834106,"z":0.01954561471939087},"rotation":{"x":-0.21796086430549622,"y":-0.09585970640182495,"z":0.021517951041460038,"w":-0.9710046052932739},"size":1.2447065114974976,"orthographic":false}